{"cameraMode":{"drawMode":0,"name":"Shaded","section":"Shading Mode"},"sceneLighting":true,"audioPlay":true,"sceneViewState":{"showFog":true,"showMaterialUpdate":false,"showSkybox":true,"showFlares":true,"showImageEffects":true,"showParticleSystems":true},"in2DMode":false,"pivot":{"x":-228.21192932128907,"y":482.66485595703127,"z":-336.4117431640625},"rotation":{"x":-0.4759949743747711,"y":-0.07921943068504334,"z":0.04310447722673416,"w":-0.8748115301132202},"size":0.7137133479118347,"orthographic":false}