{"cameraMode":{"drawMode":0,"name":"Shaded","section":"Shading Mode"},"sceneLighting":true,"audioPlay":false,"sceneViewState":{"showFog":true,"showMaterialUpdate":false,"showSkybox":true,"showFlares":true,"showImageEffects":true,"showParticleSystems":true},"in2DMode":false,"pivot":{"x":-227.28765869140626,"y":42.40304946899414,"z":-63.6780891418457},"rotation":{"x":-0.03837130591273308,"y":-0.960746169090271,"z":0.21414721012115479,"w":-0.17214944958686829},"size":40.6611213684082,"orthographic":false}