{"cameraMode":{"drawMode":0,"name":"Shaded","section":"Shading Mode"},"sceneLighting":true,"audioPlay":false,"sceneViewState":{"showFog":true,"showMaterialUpdate":false,"showSkybox":true,"showFlares":true,"showImageEffects":true,"showParticleSystems":true},"in2DMode":false,"pivot":{"x":-225.7991943359375,"y":148.6818084716797,"z":-29.0572509765625},"rotation":{"x":0.3662945330142975,"y":-0.08829264342784882,"z":0.034939054399728778,"w":0.9256413578987122},"size":232.63058471679688,"orthographic":false}