{"cameraMode":{"drawMode":0,"name":"Shaded","section":"Shading Mode"},"sceneLighting":true,"audioPlay":false,"sceneViewState":{"showFog":true,"showMaterialUpdate":false,"showSkybox":true,"showFlares":true,"showImageEffects":true,"showParticleSystems":true},"in2DMode":false,"pivot":{"x":-254.5145721435547,"y":36.438690185546878,"z":-10.344161987304688},"rotation":{"x":0.4675205945968628,"y":0.2376851737499237,"z":-0.1321135014295578,"w":0.8411160707473755},"size":128.22169494628907,"orthographic":false}