{"cameraMode":{"drawMode":0,"name":"Shaded","section":"Shading Mode"},"sceneLighting":true,"audioPlay":false,"sceneViewState":{"showFog":true,"showMaterialUpdate":false,"showSkybox":true,"showFlares":true,"showImageEffects":true,"showParticleSystems":true},"in2DMode":false,"pivot":{"x":506.9898681640625,"y":197.38613891601563,"z":-39.77971649169922},"rotation":{"x":0.22514423727989198,"y":0.2797081470489502,"z":-0.0676533505320549,"w":0.9308578968048096},"size":1038.3228759765625,"orthographic":false}